{"files":{"font-awesome/fontawesome-webfont-7bfcab6db99d5cfbf1705ca0536ddc78585432cc5fa41bbd7ad0f009033b2979.eot":{"logical_path":"font-awesome/fontawesome-webfont.eot","mtime":"2017-10-31T16:42:49+01:00","size":165742,"digest":"7bfcab6db99d5cfbf1705ca0536ddc78585432cc5fa41bbd7ad0f009033b2979","integrity":"sha256-e/yrbbmdXPvxcFygU23ceFhUMsxfpBu9etDwCQM7KXk="},"font-awesome/fontawesome-webfont-ad6157926c1622ba4e1d03d478f1541368524bfc46f51e42fe0d945f7ef323e4.svg":{"logical_path":"font-awesome/fontawesome-webfont.svg","mtime":"2017-10-31T16:42:49+01:00","size":444379,"digest":"ad6157926c1622ba4e1d03d478f1541368524bfc46f51e42fe0d945f7ef323e4","integrity":"sha256-rWFXkmwWIrpOHQPUePFUE2hSS/xG9R5C/g2UX37zI+Q="},"font-awesome/fontawesome-webfont-aa58f33f239a0fb02f5c7a6c45c043d7a9ac9a093335806694ecd6d4edc0d6a8.ttf":{"logical_path":"font-awesome/fontawesome-webfont.ttf","mtime":"2017-10-31T16:42:49+01:00","size":165548,"digest":"aa58f33f239a0fb02f5c7a6c45c043d7a9ac9a093335806694ecd6d4edc0d6a8","integrity":"sha256-qljzPyOaD7AvXHpsRcBD16msmgkzNYBmlOzW1O3A1qg="},"font-awesome/fontawesome-webfont-ba0c59deb5450f5cb41b3f93609ee2d0d995415877ddfa223e8a8a7533474f07.woff":{"logical_path":"font-awesome/fontawesome-webfont.woff","mtime":"2017-10-31T16:42:49+01:00","size":98024,"digest":"ba0c59deb5450f5cb41b3f93609ee2d0d995415877ddfa223e8a8a7533474f07","integrity":"sha256-ugxZ3rVFD1y0Gz+TYJ7i0NmVQVh33foiPoqKdTNHTwc="},"font-awesome/fontawesome-webfont-2adefcbc041e7d18fcf2d417879dc5a09997aa64d675b7a3c4b6ce33da13f3fe.woff2":{"logical_path":"font-awesome/fontawesome-webfont.woff2","mtime":"2017-10-31T16:42:49+01:00","size":77160,"digest":"2adefcbc041e7d18fcf2d417879dc5a09997aa64d675b7a3c4b6ce33da13f3fe","integrity":"sha256-Kt78vAQefRj88tQXh53FoJmXqmTWdbejxLbOM9oT8/4="},"logo-29904e94ac647237a8f8c5f7c7bdaf077613e564a30f8f1175b3c94eecdb2cb4.png":{"logical_path":"logo.png","mtime":"2018-01-06T11:10:06+01:00","size":9402,"digest":"29904e94ac647237a8f8c5f7c7bdaf077613e564a30f8f1175b3c94eecdb2cb4","integrity":"sha256-KZBOlKxkcjeo+MX3x72vB3YT5WSjD48RdbPJTuzbLLQ="},"application-49d97f2ef935b86ff768c5411256b9bc6794e76f535ba3be91d273904fffbb8e.js":{"logical_path":"application.js","mtime":"2018-02-13T12:51:53+01:00","size":220994,"digest":"49d97f2ef935b86ff768c5411256b9bc6794e76f535ba3be91d273904fffbb8e","integrity":"sha256-Sdl/Lvk1uG/3aMVBEla5vGeU529TW6O+kdJzkE//u44="},"application-fd7889381fd9170c77f3b0a2d5b3262f66545440e5288d8d2e044f7d1d4c4509.css":{"logical_path":"application.css","mtime":"2018-02-13T13:15:53+01:00","size":182271,"digest":"fd7889381fd9170c77f3b0a2d5b3262f66545440e5288d8d2e044f7d1d4c4509","integrity":"sha256-/XiJOB/ZFwx387Ci1bMmL2ZUVEDlKI2NLgRPfR1MRQk="}},"assets":{"font-awesome/fontawesome-webfont.eot":"font-awesome/fontawesome-webfont-7bfcab6db99d5cfbf1705ca0536ddc78585432cc5fa41bbd7ad0f009033b2979.eot","font-awesome/fontawesome-webfont.svg":"font-awesome/fontawesome-webfont-ad6157926c1622ba4e1d03d478f1541368524bfc46f51e42fe0d945f7ef323e4.svg","font-awesome/fontawesome-webfont.ttf":"font-awesome/fontawesome-webfont-aa58f33f239a0fb02f5c7a6c45c043d7a9ac9a093335806694ecd6d4edc0d6a8.ttf","font-awesome/fontawesome-webfont.woff":"font-awesome/fontawesome-webfont-ba0c59deb5450f5cb41b3f93609ee2d0d995415877ddfa223e8a8a7533474f07.woff","font-awesome/fontawesome-webfont.woff2":"font-awesome/fontawesome-webfont-2adefcbc041e7d18fcf2d417879dc5a09997aa64d675b7a3c4b6ce33da13f3fe.woff2","logo.png":"logo-29904e94ac647237a8f8c5f7c7bdaf077613e564a30f8f1175b3c94eecdb2cb4.png","application.js":"application-49d97f2ef935b86ff768c5411256b9bc6794e76f535ba3be91d273904fffbb8e.js","application.css":"application-fd7889381fd9170c77f3b0a2d5b3262f66545440e5288d8d2e044f7d1d4c4509.css"}}